node_1,node_2
张建晋,王韫博
张建晋,龙明盛
张建晋,王建民
张建晋,王海峰
刘云浩,杨启凡
刘云浩,李振华
吴呈,王朝坤
吴呈,王沐贤
廖彬,张陶
廖彬,李敏
廖彬,于炯
廖彬,国冰磊
廖彬,刘炎
贺飞,张立军
曲国远,徐晓飞
曲国远,刘威廷
曲国远,王沁煜
曲国远,贺飞
覃征,王国龙
廖彬,张陶
廖彬,于炯
廖彬,国冰磊
廖彬,李敏
廖彬,刘炎
李国华,刘尧
李国华,黄晋
李国华,刘炎
林雷蕾,闻立杰
林雷蕾,周华
林雷蕾,裴继升
林雷蕾,代飞
林雷蕾,郑灿彬
郑灿彬,吴Q
郑灿彬,闻立杰
郑灿彬,王建民
胡小强,吴Q
胡小强,闻立杰
胡小强,王建民
闫志强,李少鹏
闫志强,胡磊
闫志强,闻立杰
闫志强,刘从屹
闫志强,高迎
闫志强,陈一
闫志强,刘克强
黄俊捷,金涛
黄俊捷,王建民
周梦颖,金涛
周梦颖,王瀛
周梦颖,王建民
王鑫,邹磊
王鑫,王朝坤
王鑫,彭鹏
王鑫,冯志勇
祁丹蕊,宋韶旭
祁丹蕊,王建民
竺俊超,王朝坤
李增鹏,马春光
李增鹏,赵明昊
赵馨逸,黄向东
赵馨逸,乔嘉林
赵馨逸,康荣
赵馨逸,李娜
赵馨逸,王建民
廖彬,张陶
廖彬,于炯
廖彬,黄静莱
廖彬,国冰磊
廖彬,刘炎
叶畋宇,王逸群
叶畋宇,严冬明
叶畋宇,雍俊海
陈增,王科人
陈增,杨铮
武鹏飞,刘玉身
武鹏飞,谭毅
韩丰,龙明盛
韩丰,李月安
韩丰,薛峰
韩丰,王建民
武鹏飞,谭毅
武鹏飞,刘玉身
武鹏飞,谭毅
武鹏飞,刘玉身
王建民,刘建勋
徐啸,王
徐啸,金涛
徐啸,王建民
赵智彪,张慧
王建民,王晨
王建民,刘英博
王建民,刘U
古和今,郑萍
古和今,熊金泉
古和今,雍俊海
古和今,张安安
古和今,黄朝
古和今,施侃乐
古和今,吴子健
楼昀恺,王朝坤
马楠,高跃
马楠,李佳洪
马楠,李德毅
蔡源,罗伟
蔡源,向东
魏志杰,金涛
魏志杰,王建民
黄俊捷,莫天宇
黄俊捷,金涛
黄俊捷,王建民
郑灿彬,闻立杰
郑灿彬,王建民
钱忱,闻立杰
贾尚坤,贺飞
徐毅,王建民
徐毅,黄向东
徐毅,董一峰
徐毅,康荣
徐毅,乔嘉林
杜兴逸,严冬明
杜兴逸,叶军涛
杜兴逸,张慧
徐婉庭,马宏涛
徐婉庭,程艺
徐婉庭,陈知雨
徐婉庭,胡昱坤
徐婉庭,马爽
张荷花,顾明
郭藏龙,张岚
郭藏龙,叶晓俊
王若,王建民
王若,黄向东
王若,董一峰
王若,龙明盛
孙聪,施侃乐
孙聪,雍俊海
廖彬,张陶
廖彬,国冰磊
廖彬,于炯
廖彬,牛亚锋
廖彬,张旭光
廖彬,刘炎
钱B,王朝坤
钱B,郭高扬
孙晋永,古天龙
孙晋永,闻立杰
孙晋永,钱俊彦
孙晋永,刘华东
徐啸,金涛
徐啸,王建民
佘磊,赵曦滨
佘磊,陈渝
佘磊,施鹤远
佘磊,韦康
沈科,叶晓俊
沈科,刘孝男
沈科,李斌
谢安明,金涛
谢安明,周涛
孙晋永,古天龙
孙晋永,闻立杰
孙晋永,钱俊彦
孙晋永,孟瑜
汪玉泉,闻立杰
汪玉泉,闫志强
何嘉权,陈渝
孙起鹿,罗贵明
陈华榕,钱康来
陈华榕,王斌
廖彬,张陶
廖彬,于炯
廖彬,国冰磊
廖彬,刘炎
郭朝晖,王建民
田川,叶晓俊
田川,王祖良
田川,李鑫
林雷蕾,周华
林雷蕾,代飞
林雷蕾,闻立杰
林雷蕾,莫启
尹立成,王斌
肖翱,徐枫
肖翱,雍俊海
肖翱,施侃乐
廖彬,张陶
廖彬,国冰磊
廖彬,于炯
廖彬,张旭光
廖彬,刘炎
何富贵,杨铮
何富贵,吴陈沭
何富贵,赵姝
何富贵,周先存
裴继升,叶晓俊
刘U,周明辉
刘U,尹刚
侯伟超,刘英博
侯伟超,黄向东
黄浩未,金涛
黄浩未,王建民
廖彬,张陶
廖彬,于炯
廖彬,国冰磊
廖彬,张旭光
廖彬,刘炎
宋金凤,闻立杰
宋金凤,王建民
付心仪,刘世霞
付心仪,徐迎庆
张唯,张天玮
张唯,李瑞瑞
张唯,李新霞
罗晓M,齐佳音
罗晓M,田春华
王昶平,王朝坤
王昶平,汪浩
王昶平,王萌
王昶平,陈俊
杨璐,叶晓俊
刘铭,黄凡玲
刘铭,傅彦铭
刘铭,杨晓玲
张陶,于炯
张陶,廖彬
张陶,国冰磊
张陶,卞琛
张陶,王跃飞
张陶,刘炎
尚敬文,王朝坤
尚敬文,辛欣
尚敬文,应翔
王祖良,张婷
王祖良,田川
王祖良,郑林华
肖剑楠,刘梦尘
肖剑楠,刘世霞
罗晓M,齐佳音
罗晓M,田春华
王晓亮,徐恪
王晓亮,杨铮
王晓亮,葛志诚
李华,汪国平
李华,雍俊海
李道丰,黄凡玲
李道丰,刘水祥
李道丰,黄安妮
文庆福,王建民
文庆福,朱晗
文庆福,曹越
文庆福,龙明盛
杨浩,王喜玮
黄向东,郑亮帆
黄向东,邱明明
黄向东,张金瑞
黄向东,王建民
李寅,邓仰东
郭旭,茅俊杰
郭旭,何嘉权
郭旭,陈土其
郭旭,王力
郭旭,陈渝
杜正君,张慧
王子璇,闻立杰
王子璇,汪抒浩
王子璇,王建民
孙晋永,古天龙
孙晋永,闻立杰
孙晋永,钱俊彦
刘莹,夏雅楠
何源,郑霄龙
万海,孙雷
万海,王恬
万海,黄晋
万海,赵曦滨
陈侨安,李峰
陈侨安,曹越
陈侨安,龙明盛
神克乐,虞志刚
神克乐,白宇
刘聪,丁贵广
姚峰峰,高歌
姚峰峰,李华良
姚峰峰,杨绪坤
侯学良,宋琦
侯学良,庞进
侯学良,马宏智
钟雨,邱明明
钟雨,黄向东
廖彬,张陶
廖彬,于炯
廖彬,刘继
廖彬,钟磊
廖彬,刘炎
王若,黄向东
王若,张博
王若,王建民
王若,罗兵
汪博洋,王朝坤
汪博洋,张君
靳伟国,闻立杰
靳伟国,王建民
靳伟国,武年华
杨建祥,王朝坤
杨建祥,王萌
杨建祥,陈俊
王行甫,及娜
王行甫,毛续飞
侯学良,宋琦
侯学良,马宏智
徐娟,曹晔
徐娟,张奇
江舟,向东
江舟,神克乐
范登科,韩祖杰
范登科,李华良
范登科,杨绪坤
范登科,高歌
蔡恒,张慧
陈旦,杨非
陈旦,叶晓俊
曹一溪,王斌
王建民,尹建伟
王建民,窦万春
董子禾,闻立杰
董子禾,黄浩未
董子禾,王建民
吴敏,陈莉
吴敏,陈伟锋
殷明,闻立杰
殷明,王建民
殷明,肖汉
殷明,丁子哲
殷明,高翔
郭芬,闻立杰
郭芬,王建民
郭芬,丁子哲
郭芬,高翔
肖汉,闫志强
肖汉,闻立杰
肖汉,杨明
肖汉,丁子哲
肖汉,高翔
郭秦龙,闻立杰
郭秦龙,金涛
郭秦龙,陈俊
郭秦龙,唐旺
郭秦龙,丁子哲
郭秦龙,高翔
唐磊,施侃乐
唐磊,雍俊海
唐磊,古和今
唐磊,徐鑫
张任伟,覃征
张任伟,李金诺
张任伟,张镞
潘宏科,曹战强
潘宏科,叶晓俊
陈洁萍,甘泉
陈洁萍,张慧
张硕,贺飞
王新玉,向东
王新玉,虞志刚
吴泓润,覃俊
吴泓润,易云飞
吴泓润,李德毅
吴泓润,郑波尽
谢艳文,张慧
林建立,唐磊
林建立,雍俊海
孙思远,陈莉
孙思远,廖鸿森
李天颍,刘U
李天颍,寇晓溪
李天颍,赵德旺
刘畅,贾金原
刘畅,邱睿超
刘畅,梁爽
刘路遥,杨祚
刘路遥,曹战强
刘路遥,刘U
惠涵,贺飞
惠涵,顾明
何巍,贺飞
何巍,顾明
万瑞杰,雍俊海
万瑞杰,施侃乐
顾明,刘玉身
顾明,高歌
颜乃鹏,李宗辉
颜乃鹏,胡丁相
颜乃鹏,徐翘楚
颜乃鹏,万海
颜乃鹏,樊海宁
颜乃鹏,邓仰东
宋亮,闻立杰
宋亮,王建民
宋亮,刘国平
宋亮,刘廷龙
宋亮,杨剑勇
秦学志,胡友群
秦学志,肖汉
蔡亮,赵彦宾
蔡亮,易大勇
蔡亮,李建锋
单来祥,覃征
单来祥,卢欣晔
单来祥,卢正才
宋晓眉,叶晓俊
宋晓眉,曾小青
宋晓眉,谢东
赵向辉,刘林
赵向辉,黄雅芳
赵向辉,张磊
赵向辉,姚原岗
李斌,王艺霏
李斌,裴继升
李斌,叶晓俊
岳挺,夏开渝
岳挺,刘英博
岳挺,张力
庄雪吟,张力
庄雪吟,翁晓奇
庄雪吟,李虎斌
庄雪吟,刘英博
姚欣歆,刘英博
姚欣歆,赵炯
姚欣歆,胡游乐
姚欣歆,张力
钟雨,黄向东
钟雨,刘丹
钟雨,黄宇霞
钟雨,田炜
钟雨,王建民
胡阳,夏榆滨
胡阳,张力
胡阳,刘英博
徐昊,杨义繁
徐昊,张力
徐昊,刘英博
徐昊,王建民
曹原,刘英博
曹原,肖利
曹原,管冰
曹原,张力
曾令男,丁建伟
曾令男,赵炯
曾令男,张力
曾令男,刘英博
朱福荣,朱红秀
朱福荣,姚欣歆
朱福荣,魏争
朱福荣,黄松岭
彭艺,陈莉
彭艺,雍俊海
彭艺,
虞志刚,向东
虞志刚,王新玉
董鹏,孔令夷
董鹏,张晓良
董鹏,李锐
陶丹,毛续飞
陶丹,吴昊
陈朋,王建生
陈朋,马林茂
陈朋,肖汉
高志伟,姚尧
高志伟,饶飞
高志伟,刘延钊
高志伟,罗平
朱丹墨,陆洋
朱丹墨,徐鑫
朱丹墨,朱毅
朱丹墨,施侃乐
朱丹墨,谭浩
朱丹墨,雍俊海
徐鑫,施侃乐
徐鑫,雍俊海
张海生,缪婵娜
董鹏,张晓良
姜晓伟,王建民
姜晓伟,丁贵广
张奥千,宋韶旭
张奥千,王建民
郝竞超,王朝坤
郝竞超,司德谭
郝竞超,汪浩
郝竞超,王巍
郝竞超,王建民
宋亮,闻立杰
宋亮,王建民
宋亮,孔辉
宋亮,刘国平
宋亮,刘廷龙
汪抒浩,闻立杰
汪抒浩,魏代森
汪抒浩,王建民
汪抒浩,闫志强
李婕,闻立杰
李婕,王建民
董鹏,张晓良
易锦,罗峋
易锦,凹建勋
易锦,杨光宇
易锦,罗平
施炜,潘鹏
施炜,叶列平
施炜,王朝坤
施炜,徐亚军
于玺,张义强
于玺,赵彦宾
于玺,贾鹏飞
于玺,易大勇
方耀宁,郭云飞
方耀宁,丁雪涛
方耀宁,兰巨龙
神克乐,向东
赵志峰,田立新
赵志峰,赵曦滨
赵志峰,钟诚
葛辉,鲍一丹
葛辉,肖汉
葛辉,李言飞
唐磊,李春平
唐磊,杨柳
董鹏,张晓良
卢瑾,肖汉
董鹏,张晓良
陈伟东,张力
董鹏,孔令夷
董鹏,张晓良
董鹏,李锐
董鹏,张晓良
董鹏,张晓良
董鹏,张晓良
董鹏,李光辉
董鹏,麻卢剑
董鹏,李鹏举
董鹏,陈贺璋
宋冠军,韩江雪
欧伟杰,曾承
欧伟杰,曾青
欧伟杰,彭智勇
欧伟杰,王珍珍
欧伟杰,刘波
欧伟杰,马景燕
李天颍,刘U
李天颍,赵德旺
李天颍,曹原
董鹏,张晓良
董鹏,张晓良
董鹏,李光辉
董鹏,麻卢剑
董鹏,李鹏举
董鹏,陈贺璋
张映锋,赵曦滨
张映锋,孙树栋
张映锋,王军强
张映锋,司书宾
董鹏,张晓良
郭玺,杨家海
郭玺,王建民
董鹏,孔令夷
董鹏,张晓良
董鹏,李锐
董鹏,张晓良
董鹏,李光辉
董鹏,麻卢剑
董鹏,李鹏举
董鹏,陈贺璋
李斌,熊微
李斌,叶晓俊
李斌,郭颖
李斌,张斌
陈旦,杨非
陈旦,叶晓俊
许君,王朝坤
许君,刘立超
许君,王建民
许君,刘璋
潘科,刘媛
潘科,许开立
董鹏,孔令夷
董鹏,张晓良
董鹏,李锐
董鹏,张晓良
董鹏,李光辉
董鹏,麻卢剑
董鹏,李鹏举
董鹏,陈贺璋
黄靖,王斌
黄靖,胡楷模
黄靖,张慧
黄崇迪,万海
黄崇迪,顾明
黄崇迪,陈睿
赵炯,刘英博
赵炯,任艮全
赵炯,张力
王朝霞,王建民
王朝霞,朱笑尘
张力,赵炯
张力,贾伟昊
张力,刘英博
韩加刚,杨翔
韩加刚,王振军
韩加刚,封国生
韩加刚,孙继红
韩加刚,马雪
韩加刚,黄东虹
韩加刚,林梓佳
战德臣,程臻
战德臣,赵曦滨
战德臣,聂兰顺
战德臣,徐晓飞
邓铁清,任艮全
邓铁清,刘英博
薛疑,叶晓俊
王妙一,王斌
王妙一,雍俊海
朱福荣,朱红秀
朱福荣,姚欣歆
朱福荣,黄松岭
宁钊,石胜飞
宁钊,李建中
宁钊,王朝坤
杨博,王向华
杨博,邵利平
杨博,覃征
杨博,于维虎
刘泊伶,叶晓俊
刘泊伶,谢丰
刘泊伶,李斌
周昊,覃征
周昊,邢剑宽
孙林,邹国伟
孙林,李飞
孙林,陈丹宁
杨光宇,曾东方
杨光宇,罗平
欧伟杰,曾承
欧伟杰,韩栋
欧伟杰,彭智勇
欧伟杰,刘洋
欧伟杰,马景燕
欧伟杰,刘波
王标,张世韬
王标,方颖珏
欧伟杰,曾承
欧伟杰,项小明
欧伟杰,彭智勇
欧伟杰,李德毅
刘立梅,张慧
刘立梅,彭凌
刘立梅,王建民
袁启明,施侃乐
袁启明,雍俊海
袁启明,古和今
吴立军,骆翔宇
吴立军,陈清亮
叶晓俊,刘泊伶
叶晓俊,谢丰
叶晓俊,张斌
叶晓俊,李斌
徐亚军,王朝坤
徐亚军,施炜
徐亚军,潘鹏
徐亚军,魏冬梅
赵博,叶晓俊
莫欣农,王建民
莫欣农,张力
莫欣农,刘英博
杨义繁,刘丹
杨义繁,朱妤晴
杨义繁,丁贵广
杨义繁,王建民
王建民,余志伟
王建民,王朝坤
王建民,付军宁
许君,王朝坤
许君,李瑞
许君,王建民
许君,刘璋
徐亚军,王朝坤
徐亚军,魏冬梅
徐亚军,施炜
徐亚军,潘鹏
李佳瑾,欧伟杰
李佳瑾,曾承
李佳瑾,刘波
李佳瑾,马景燕
李佳瑾,袁睿智
李佳瑾,彭智勇
陈旦,叶晓俊
陈旦,施霖
王晶,王平
王晶,刘筱菁
王晶,陈莉
王晶,郭传
孙林,孙志刚
孙林,李飞
卢亚辉,明仲
卢亚辉,张力
金涛,闻立杰
田钊,程曜安
田钊,刘英博
田钊,赵炯
田钊,张力
王文星,闻立杰
王文星,谭士杰
陈凤娟,丁贵广
陈凤娟,朱妤晴
邹根,闻立杰
李腾飞,向东
金涛,闻立杰
金涛,王建民
王朝坤,付军宁
王朝坤,王建民
王朝坤,余志伟
吴立军,骆翔宇
骆翔宇,谭征
骆翔宇,苏开乐
骆翔宇,吴立军
吕吉峰,贺旭亮
吕吉峰,任艮全
吕吉峰,张力
刘鹏,雍俊海
刘鹏,古和今
刘晶,施侃乐
刘晶,雍俊海
刘晶,古和今
赵志峰,赵曦滨
赵志峰,陈丹宁
王俊波,王金元
王俊波,林敏
王俊波,陈明
许默涵,邓焱
许默涵,高永丰
许默涵,高原
许默涵,杨昊
高永丰,邓焱
高永丰,许默涵
高永丰,高原
高永丰,杨昊
高艺,王斌
高艺,胡楷模
高艺,郑国勤
高翠翠,闫成洋
高翠翠,王艳阳
战德臣,赵曦滨
战德臣,王顺强
战德臣,程臻
战德臣,周学权
战德臣,聂兰顺
战德臣,徐晓飞
尹超,黄必清
尹超,刘飞
尹超,闻立杰
尹超,王朝坤
尹超,黎晓东
尹超,杨书评
尹超,叶丹
尹超,柳先辉
骆翔宇,轩爱成
骆翔宇,沙宗鲁
利锦标,李童
利锦标,刘U
吕吉峰,段君
吕吉峰,任艮全
吕吉峰,张力
黄凌翔,顾明
刘晓明,刘长远
刘晓明,胡强
刘晓明,雍俊海
张明静,王清华
张明静,莫欣农
张明静,张力
刘强,陈越
刘强,骆斌
邢剑宽,覃征
邢剑宽,郑翔
邢剑宽,章晋学
姚春晖,王斌
姚春晖,雍俊海
彭艺,陈莉
王羡慧,覃征
王羡慧,庄春晓
王羡慧,张选平
宋巍,杨涛
宋巍,陈莉
宋巍,张慧
曾承,陈桂生
曾承,杜钢
曾承,林晨
任艮全,张力
任艮全,吕吉峰
任艮全,贺旭亮
王晓光,叶晓俊
王羡慧,覃征
王羡慧,庄春晓
王羡慧,张选平
张森,韩其才
张森,闫琨鹏
张森,张慧
张森,雍俊海
史可鉴,王斌
史可鉴,张慧
董渊,王生原
董渊,张丽伟
董渊,朱允敏
董渊,杨萍
骆翔宇,谭征
骆翔宇,董荣胜
向新渝,刘英博
向新渝,张力
向新渝,吕吉峰
陈伟东,张力
郑伟,王朝坤
郑伟,郭笑侬
郑伟,王建民
马瑞新,刘宇
马瑞新,覃征
马瑞新,王晓
许承东,裴鑫
许承东,刘英博
许承东,张力
王建民,任艮全
王建民,张力
王建民,刘英博
王建民,莫欣农
程曜安,张力
程曜安,刘英博
程曜安,莫欣农
刘明,刘英博
刘明,张力
刘明,吕志峰
刘枫,张力
刘枫,刘英博
刘枫,段君
刘英博,徐云龙
刘英博,张力
任艮全,张力
任艮全,王建民
陈D,覃征
陈D,胡浩
陈D,宋铭越
彭卓,王朝坤
彭卓,徐亚军
彭卓,潘鹏
郑伟,王朝坤
郑伟,刘璋
郑伟,王建民
李瑞,王朝坤
李瑞,郑伟
李瑞,王建民
李瑞,王伟平
武年华,金涛
武年华,查海平
武年华,何腾飞
武年华,闻立杰
武年华,王建民
骆翔宇,轩爱成
骆翔宇,沙宗鲁
王建民,任艮全
任刚,王建民
尹亚光,丁贵广
任艮全,张君
任艮全,张力
任艮全,王建民
杨胜,雍俊海
刘U,毛新军
梁碧泉,覃征
李童,刘U
游之洋,龚伟
游之洋,赵曦滨
游之洋,林国恩
赵远,秦拯
赵远,张大方
赵远,武年华
郭荣华,覃征
郭荣华,李国兵
郭荣华,李向楠
黄童心,王文珂
黄童心,张慧
黄童心,宋征轩
赵曦滨,游之洋
赵曦滨,赵志峰
史可鉴,王斌
史可鉴,朱恬倩
史可鉴,张慧
史可鉴,侯兆国
骆翔宇,苏开乐
骆翔宇,顾明
李晓红,刘强
冀付军,何克抗
覃征,韩毅
张书庆,韩言妮
张书庆,郑波尽
林国恩,李隆璇
林国恩,顾明
马鸣,赵轶超
叶晓俊,王建民
杜乃乔,叶晓俊
杜乃乔,王建民
韩锐,刘英博
韩锐,闻立杰
韩锐,王建民
胡索荣,叶晓俊
胡索荣,彭勇
胡索荣,谢丰
苗林,金涛
苗林,王建民
梁中兴,罗贵明
梁中兴,旷宏斌
胡楷模,王斌
胡楷模,雍俊海
李国兵,覃征
李国兵,郭荣华
李国兵,李向楠
淦文燕,赫南
淦文燕,王建民
李军义,李仁发
李军义,孙家广
崔航,王冕
崔航,罗贵明
崔航,何光宇
卫威,王建民
陈海尔,马起跃
邵利平,覃征
邵利平,刘波
邵利平,高洪江
邵利平,覃B
赵大朋,王朝坤
赵大朋,郑伟
赵大朋,刘冰洋
赵大朋,王建民
陈伟东,张力
陈小雕,王毅刚
陈小雕,徐岗
陈小雕,雍俊海
文雅玫,龚洁晖
文雅玫,张慧
郑有志,覃征
朱智武,叶晓俊
朱允敏,张丽伟
朱允敏,王生原
朱允敏,董渊
朱允敏,张素琴
宋炜,刘强
贾红雨,张力
贾红雨,杨兰
范文山,王斌
赵h,罗贵明
邵学军,施化吉
邵学军,赵曦滨
徐家树,邢立新
徐家树,覃征
王文珂,张慧
王文珂,王斌
耿博,姜睿
耿博,罗贵明
岳利强,朱长才
陈铁军,覃征
陈铁军,贺升平
金磊,叶晓俊
金磊,谢丰
金磊,李斌
陈晓,王建民
张亚维,朱智武
张亚维,叶晓俊
York,&
York,York
York,York
巫戈明,孙立峰
巫戈明,钟玉琢
赵h,罗贵明
李立群,覃征
文雅玫,龚洁晖
文雅玫,张慧
宋征轩,王文珂
宋征轩,张慧
宋征轩,雍俊海
宋征轩,黄童心
刘勇,雍俊海
刘勇,王斌
范文山,王斌
彭小宁,邹北骥
彭小宁,王磊
彭小宁,孙家广
黄童心,王文珂
黄童心,张慧
黄童心,宋征轩
杨胜,雍俊海
杨胜,孙家广
叶晓俊,王建民
邵利平,覃征
邵利平,衡星辰
邵利平,高洪江
邵利平,王羡慧
邵利平,覃征
杨明远,罗贵明
辛治运,顾明
葛蒙,赵曦滨
葛蒙,林国恩
赵曦滨,井然哲
赵曦滨,顾明
赵亮,王建民
赵亮,孙家广
王国兵,侯增选
王国兵,卢建彪
陈小雕,雍俊海
陈小雕,汪国昭
李峰,裴军
李峰,游之洋
周婧,覃征
周婧,贺巍
李北金,张力
任刚,王建民
任刚,黄鼎隆
杨德亮,范亮星
杨德亮,李春平
张怡文,龚洁晖
刘明,叶晓俊
周明,王建民
周明,王朝坤
周明,李德毅
白洁,李春平
刘祯,刘斌
刘祯,郑凯
刘祯,陈善真
吴海博,徐明伟
姜睿,王军
姜睿,李东海
姜睿,罗贵明
时振宇,李昭
时振宇,徐恪
邓京Z,叶晓俊
孟颖达,徐恪
杨建龙,王建民
杨建龙,王朝坤
杨建龙,李德毅
姜睿,王军
姜睿,李东海
姜睿,罗贵明
吴海博,徐明伟
刘祯,刘斌
刘祯,郑凯
刘祯,陈善真
贺巍,覃征
贺巍,周婧
谢建乐,李春平
向东,张跃鲤
刘建强,袁怡
刘建强,杨喜昆
刘建强,谢静敏
刘建强,王建民
刘建强,叶晓俊
周明,王朝坤
周明,王建民
周明,李德毅
谢静敏,杨喜昆
谢静敏,刘建强
谢静敏,叶晓俊
谢静敏,王建民
刘庆,刘英博
刘庆,王建民
郑有志,覃征
郑有志,侯晓东
王中华,覃征
张频,罗贵明
薛丽芳,汪卉
薛丽芳,颜文俊
耿博,姜睿
耿博,罗贵明
杨建龙,王建民
杨建龙,李德毅
施化吉,悦怡
施化吉,赵曦滨
施化吉,赵志峰
戚卫民,赵季中
戚卫民,汤红波
戚卫民,马兆丰
陈颖熙,李贤有
陈颖熙,郭陟
陈颖熙,顾明
曹嵩,胡向平
李锦泽,叶晓俊
魏婧,覃征
左闻韵,劳逆
左闻韵,耿玉英
王伟,李春平
王伟,李建彬
赵坦,陈渝
邵利平,覃征
刘英博,张力
胡殿伟,向东
郑磊,马兆丰
郑磊,顾明
张文茂,章淼
张文茂,毕军
张文茂,覃征
赵曦滨,吴雷
赵曦滨,裴军
王毅,张力
李锦泽,叶晓俊
赵亮,王建民
赵亮,孙家广
黄民肃,向东
夏玉,宋斌恒
李锦泽,叶晓俊
赵凯,李春平
徐炜,陶翔
徐炜,徐国永
高洪江,覃征
郑有志,覃征
郑有志,邹玲
储静辉,宋斌恒
周平,刘强
陈锋,覃征
陈锋,张永良
陈锋,覃征
杨利英,张军英
杨利英,覃征
常青,刘强
李丹,陈启璋
李丹,刘强
陈雷,刘强
刘新法,叶晓俊
高洪江,邵利平
何泓伟,曲朝阳
郝荣霞,王金才
郝荣霞,朱志
沈云斐,李丹
沈云斐,陶琨
沈云斐,覃征
陈刚,傅瑜光
罗露,向东
靳晋,顾明
李更新,王建民
陈平,孙宏伟
陈平,顾明
刘续征,雍俊海
崔斌,郑国勤
常浩浩,覃征
徐国永,刘强
徐国永,张普选
焦丹勋,李春平
周强,林国恩
周强,李建彬
姜洋,罗贵明
李志斌,林国恩
李志斌,李建彬
郭俊文,覃征
郭俊文,贺升平
郭俊文,黄河笑
贾骥,覃征
刘宇,赵曦滨
沈宇,阎礼祥
沈宇,钟静h
蒋丽华,覃征
蒋丽华,邵华
何泓伟,曲朝阳
陶能锋,叶晓俊
金蓓,叶晓俊
李庆虎,王建民
罗贵明,黄键
向坚,刘U
孙志松,吴绍莉
孙志松,覃征
徐炜,陶翔
陈静,王建民
钱云峰,刘宽宏
何婷婷,朱薏
何婷婷,张勇
王宁,叶晓俊
王宁,孙明海
徐炜,张力
付志国,王建民
邵华,高凤荣
邵华,邢春晓
邵华,蒋丽华
牛曦,刘强
戴锋,王朝坤
戴锋,王建民
罗昌明,王朝坤
罗昌明,王建民
王涛,叶晓俊
吴法洲,苏昊
吴法洲,周明
吴法洲,李春平
靳绍聪,王建民
靳绍聪,闻立杰
靳绍聪,曹大海
施化吉,赵曦滨
施化吉,丁秋林
李飞龙,王建民
李飞龙,叶晓俊
刘续征,雍俊海
刘续征,郑国勤
刘续征,孙家广
张晓鑫,雍俊海
张晓鑫,郑国勤
张晓鑫,陈玉健
李明,蔡莲红
李明,李勇
李明,宇航
马小伟,徐恪
刘量,赵亮
刘量,王建民
张斌,罗贵明
张斌,王平
赵忠雷,覃征
李继嵬,刘书明
李继嵬,李春平
孙宇锋,王昱
李毅,郑国勤
赖利锋,刘强
袁霖,覃征
万欣,刘强
赵亮,王建民
赵亮,孙家广
徐家树,覃征
徐家树,叶志强
陈霄,覃征
陈霄,沈国强
古锐,亓伟
古锐,叶晓俊
李凯,罗贵明
向东,陈明静
向东,孙家广
张斌,罗贵明
卢建彪,雍俊海
周凌,邹北骥
周凌,应伟
周凌,孙家广
邹志华,陈玉健
邹志华,刘强
吕继萍,徐明伟
吕继萍,顾明
吕继萍,徐恪
宋韶旭,李春平
夏耀峰,胡起秀
周平,刘强
周平,孙家广
张静,王建民
张静,何华灿
沙亚清,孙宏伟
沙亚清,顾明
沈云斐,沈国强
沈云斐,蒋丽华
沈云斐,覃征
张世兵,刘强
张世兵,黄小瑜
张翔,陆远
张翔,罗贵明
陈勇,赵曦滨
陈勇,顾明
应伟,邹北骥
应伟,周凌
应伟,孙家广
旷建忠,罗贵明
旷建忠,程学竹
旷建忠,钟宏
刘相滨,邹北骥
刘相滨,孙家广
闻立杰,王建民
闻立杰,孙家广
卓威,顾明
张帆,杨文军
张帆,李娟子
张帆,郑国勤
董超,王建民
饶弋宁,刘强
饶弋宁,杜晓黎
饶弋宁,叶蓬
张世兵,刘强
邵学军,施化吉
邵学军,李星毅
虞淑瑶,张友坤
虞淑瑶,叶润国
虞淑瑶,宋成
赵建,王建民
赵建,孙家广
伍福生,郝建明
伍福生,郑国勤
周玉宝,刘强
钱云峰,刘宽宏
钱云峰,覃征
曲晓英,陈雪松
曲晓英,郑国勤
张静,王建民
陈越,刘强
陈越,陈玉健
刘澎,朱长才
周宇,覃征
董超,王建民
齐林,郭陟
龚循凯,刘强
张艳阳,顾明
虞淑瑶,叶润国
虞淑瑶,张友坤
虞淑瑶,杨宏伟
赵亮,王建民
彭宇,雍俊海
彭宇,严冬明
马兆丰,顾明
马兆丰,孙家广
沈国强,覃征
刘景华,刘强
范同祥,宋斌恒
刘玉身,雍俊海
刘玉身,张慧
刘玉身,杜明翠
布和,吴邦欲
胡巧巧,王建民
胡巧巧,叶晓俊
虞淑瑶,叶润国
虞淑瑶,张友坤
虞淑瑶,宋成
徐松,赵曦滨
顾玉春,马亮
顾玉春,顾明
李偈,张松海
马昕,顾明
闫利国,贺飞
曹治华,宋斌恒
罗斌,李树友
罗斌,宋斌恒
谢炼,顾明
刘相滨,邹北骥
刘相滨,孙家广
李烨,赵曦滨
李烨,李晖
任靖,陆`
任靖,翟旭君
任靖,戴涛
任靖,刘璧松
陈明友,刘强
王杨,叶晓俊
欧阳荣彬,郭陟
欧阳荣彬,顾明
李建平,郑国勤
张超,李春平
梁彦强,顾明
李凯,罗贵明
张剑,李春平
姜睿,罗贵明
马亮,顾明
王嘉星,刘强
王杨,叶晓俊
赵凌志,刘颖
赵凌志,覃征
曾万聃,周绪波
李子柱,倪春胜
李子柱,王继龙
刘敬,朱长才
赵静谧,张慧
赵静谧,郑国勤
李敏,李春平
曾德智,朱培
侯俊杰,李春平
郑莉,刘兆宏
郑莉,王绚
黄晓东,刘强
石太伟,郭陟
石太伟,顾明
王振江,刘强
张少明,刘强
辛鹏,王少锋
夏前军,李庆虎
夏前军,叶晓俊
占国强,叶晓俊
占国强,王建民
李祖德,占国强
李祖德,叶晓俊
殷卓,覃飙
殷卓,王建民
陈足先,叶晓俊
余廷扬,覃飙
余廷扬,王建民
任莹,王建民
周家浩,王建民
周家浩,闻立杰
张指浩,王建民
张指浩,张勇
张指浩,李德毅
侯俊杰,李春平
赵亮,王建民
赵亮,孙家广
戴锋,胡巧巧
戴锋,王建民
戴锋,叶晓俊
刘勇,王建民
刘勇,叶晓俊
师文清,叶晓俊
曹大海,王建民
曹大海,闻立杰
史周军,叶晓俊
赵曦滨,郭陟
赵曦滨,雍建平
赵曦滨,顾明
李晖,赵曦滨
李晖,顾明
李晖,雍建平
慕容雪,蔡月茹
覃飙,王建民
覃飙,刘云生
张永锋,李振华
张永锋,智强
万猛,张永锋
万猛,李振华
万猛,赵弋洋
万猛,王莲
